company_ko,company_en,company_ja,tag_ko,tag_en,tag_ja
원티드랩,Wantedlab,,태그_4|태그_20|태그_16,tag_4|tag_20|tag_16,タグ_4|タグ_20|タグ_16
,OKAY.com,,태그_24|태그_27|태그_4,tag_24|tag_27|tag_4,タグ_24|タグ_27|タグ_4
이상한마케팅,,,태그_25|태그_6|태그_14|태그_9,tag_25|tag_6|tag_14|tag_9,タグ_25|タグ_6|タグ_14|タグ_9
인포뱅크,infobank,,태그_25,tag_25,タグ_25
아이씨그룹,,,태그_1|태그_23|태그_28|태그_14,tag_1|tag_23|tag_28|tag_14,タグ_1|タグ_23|タグ_28|タグ_14
딤딤섬 대구점,,,태그_22|태그_29|태그_2|태그_13,tag_22|tag_29|tag_2|tag_13,タグ_22|タグ_29|タグ_2|タグ_13
파운데이션엑스,,,태그_8,tag_8,タグ_8
엣지랭크,,,태그_5|태그_11|태그_26|태그_1,tag_5|tag_11|tag_26|tag_1,タグ_5|タグ_11|タグ_26|タグ_1
커넥티어,,,태그_11|태그_21,tag_11|tag_21,タグ_11|タグ_21
자버(Jober),,,태그_2|태그_16,tag_2|tag_16,タグ_2|タグ_16
앨리스헬스케어,,,태그_13|태그_5|태그_12,tag_13|tag_5|tag_12,タグ_13|タグ_5|タグ_12
(주)몬스터스튜디오,,,태그_19,tag_19,タグ_19
SM Entertainment Japan,,株式会社SM Entertainment Japan,태그_23|태그_11|태그_15,tag_23|tag_11|tag_15,タグ_23|タグ_11|タグ_15
쿠차,,,태그_27|태그_5|태그_26,tag_27|tag_5|tag_26,タグ_27|タグ_5|タグ_26
ZMP,,株式会社ZMP,태그_10|태그_2|태그_21|태그_24,tag_10|tag_2|tag_21|tag_24,タグ_10|タグ_2|タグ_21|タグ_24
몽키랩,,,태그_7|태그_23|태그_28,tag_7|tag_23|tag_28,タグ_7|タグ_23|タグ_28
와이케이비앤씨,,,태그_14|태그_29|태그_6,tag_14|tag_29|tag_6,タグ_14|タグ_29|タグ_6
코츠테크놀로지,,,태그_12|태그_2,tag_12|tag_2,タグ_12|タグ_2
비고라이브,,,태그_13|태그_19,tag_13|tag_19,タグ_13|タグ_19
크로싱,,,태그_21|태그_30|태그_12|태그_28,tag_21|tag_30|tag_12|tag_28,タグ_21|タグ_30|タグ_12|タグ_28
트리노드,,,태그_7|태그_19|태그_12|태그_17,tag_7|tag_19|tag_12|tag_17,タグ_7|タグ_19|タグ_12|タグ_17
와이즈키즈(wisekids),,,태그_1|태그_9|태그_17|태그_14,tag_1|tag_9|tag_17|tag_14,タグ_1|タグ_9|タグ_17|タグ_14
Obelab,,,태그_6,tag_6,タグ_6
,Foodpanda,,태그_26,tag_26,タグ_26
웹티즌,,,태그_28|태그_25|태그_7|태그_13,tag_28|tag_25|tag_7|tag_13,タグ_28|タグ_25|タグ_7|タグ_13
마이셀럽스,,,태그_2|태그_8|태그_22|태그_27,tag_2|tag_8|tag_22|tag_27,タグ_2|タグ_8|タグ_22|タグ_27
데이터얼라이언스(DataAlliance),,,태그_27|태그_6|태그_11,tag_27|tag_6|tag_11,タグ_27|タグ_6|タグ_11
쿼드자산운용,쿼드자산운용,,태그_24|태그_23|태그_26|태그_29,tag_24|tag_23|tag_26|tag_29,タグ_24|タグ_23|タグ_26|タグ_29
주식회사 링크드코리아,,,태그_12|태그_6|태그_8,tag_12|tag_6|tag_8,タグ_12|タグ_6|タグ_8
주렁주렁(zoolungzoolung),,,태그_30|태그_17|태그_18,tag_30|tag_17|tag_18,タグ_30|タグ_17|タグ_18
,Amore Pacific_TEST,,태그_17|태그_27|태그_28|태그_6,tag_17|tag_27|tag_28|tag_6,タグ_17|タグ_27|タグ_28|タグ_6
,Luna Marketing Group,,태그_2|태그_18,tag_2|tag_18,タグ_2|タグ_18
동신항운,,,태그_26,tag_26,タグ_26
히숲,,,태그_11|태그_17|태그_7|태그_14,tag_11|tag_17|tag_7|tag_14,タグ_11|タグ_17|タグ_7|タグ_14
COVENANT,COVENANT,,태그_10|태그_3,tag_10|tag_3,タグ_10|タグ_3
젠틀파이,,,태그_18|태그_17|태그_4|태그_14,tag_18|tag_17|tag_4|tag_14,タグ_18|タグ_17|タグ_4|タグ_14
아크로고스,,,태그_15|태그_29|태그_27,tag_15|tag_29|tag_27,タグ_15|タグ_29|タグ_27
페르소나미디어,Persona Media,,태그_26|태그_13,tag_26|tag_13,タグ_26|タグ_13
,Rejoice Pregnancy,,태그_22|태그_30|태그_7|태그_4,tag_22|tag_30|tag_7|tag_4,タグ_22|タグ_30|タグ_7|タグ_4
,The Wave,,태그_3,tag_3,タグ_3
,CoCoon Foundation,,태그_26,tag_26,タグ_26
스트라다월드와이드(Strada),,,태그_9|태그_14|태그_11|태그_13,tag_9|tag_14|tag_11|tag_13,タグ_9|タグ_14|タグ_11|タグ_13
도빗(Dobbit),,,태그_29|태그_18|태그_21,tag_29|tag_18|tag_21,タグ_29|タグ_18|タグ_21
지란지교시큐리티,,,태그_26|태그_24|태그_10|태그_27,tag_26|tag_24|tag_10|tag_27,タグ_26|タグ_24|タグ_10|タグ_27
캠퍼스멘토,,,태그_29,tag_29,タグ_29
삼일제약,,,태그_2|태그_22,tag_2|tag_22,タグ_2|タグ_22
제이에이치개발,,,태그_27|태그_25|태그_6|태그_14,tag_27|tag_25|tag_6|tag_14,タグ_27|タグ_25|タグ_6|タグ_14
오케이코인코리아,,,태그_3|태그_25,tag_3|tag_25,タグ_3|タグ_25
그릿연구소,,,태그_25,tag_25,タグ_25
세계정부 世界政府,,,태그_15|태그_19|태그_11,tag_15|tag_19|tag_11,タグ_15|タグ_19|タグ_11
투게더앱스,,,태그_22|태그_10|태그_4|태그_28,tag_22|tag_10|tag_4|tag_28,タグ_22|タグ_10|タグ_4|タグ_28
Dream Agility,Dream Agility,,태그_19,tag_19,タグ_19
대성시스템,,,태그_2|태그_19,tag_2|tag_19,タグ_2|タグ_19
바이럴네이션,,,태그_8|태그_6|태그_20|태그_26,tag_8|tag_6|tag_20|tag_26,タグ_8|タグ_6|タグ_20|タグ_26
오가나셀,,,태그_11|태그_1,tag_11|tag_1,タグ_11|タグ_1
디토나인,,,태그_25|태그_29|태그_14,tag_25|tag_29|tag_14,タグ_25|タグ_29|タグ_14
,Haulio,,태그_3,tag_3,タグ_3
대상홀딩스(주) - existing,,,태그_23,tag_23,タグ_23
만나씨이에이,,,태그_15,tag_15,タグ_15
지오코리아(페루관광청),GEOCM Co.,GEOCM,태그_28|태그_17,tag_28|tag_17,タグ_28|タグ_17
KFC Korea,,,태그_17|태그_19,tag_17|tag_19,タグ_17|タグ_19
까브드뱅(Cave de Vin),,,태그_2|태그_10|태그_21,tag_2|tag_10|tag_21,タグ_2|タグ_10|タグ_21
홈스토리생활,,,태그_7|태그_20,tag_7|tag_20,タグ_7|タグ_20
아이엠에이치씨(IMHC),,,태그_4|태그_30|태그_19|태그_28,tag_4|tag_30|tag_19|tag_28,タグ_4|タグ_30|タグ_19|タグ_28
플라이트그래프-탈퇴,,,태그_30|태그_17|태그_9,tag_30|tag_17|tag_9,タグ_30|タグ_17|タグ_9
YG PLUS,,,태그_1|태그_16|태그_5,tag_1|tag_16|tag_5,タグ_1|タグ_16|タグ_5
우리말소프트,,,태그_13|태그_27|태그_24,tag_13|tag_27|tag_24,タグ_13|タグ_27|タグ_24
아로마티카,,,태그_29,tag_29,タグ_29
,Private Organization,,태그_24,tag_24,タグ_24
스피링크,,,태그_19|태그_9,tag_19|tag_9,タグ_19|タグ_9
Onion Ground,,,태그_6|태그_2,tag_6|tag_2,タグ_6|タグ_2
브레이브팝스,,,태그_28,tag_28,タグ_28
Bidalgo,,,태그_3|태그_13,tag_3|tag_13,タグ_3|タグ_13
티엠씨케이,,,태그_1|태그_26|태그_19|태그_17,tag_1|tag_26|tag_19|tag_17,タグ_1|タグ_26|タグ_19|タグ_17
(주) 휴톰-중복,,,태그_14|태그_15,tag_14|tag_15,タグ_14|タグ_15
,Chengbao,,태그_24|태그_16|태그_19|태그_29,tag_24|tag_16|tag_19|tag_29,タグ_24|タグ_16|タグ_19|タグ_29
헬프미,,,태그_26|태그_11|태그_16,tag_26|tag_11|tag_16,タグ_26|タグ_11|タグ_16
(주) 새론다이내믹스,,,태그_15|태그_14|태그_30|태그_29,tag_15|tag_14|tag_30|tag_29,タグ_15|タグ_14|タグ_30|タグ_29
마상소프트,,,태그_12,tag_12,タグ_12
(주)아임블록,,,태그_25,tag_25,タグ_25
(주)이모션글로벌-중복,,,태그_13|태그_21|태그_28,tag_13|tag_21|tag_28,タグ_13|タグ_21|タグ_28
Altagram,,,태그_25|태그_26,tag_25|tag_26,タグ_25|タグ_26
이베스트투자증권,,,태그_1|태그_20,tag_1|tag_20,タグ_1|タグ_20
소굿마케팅,,,태그_9|태그_10|태그_5,tag_9|tag_10|tag_5,タグ_9|タグ_10|タグ_5
,Grab,,태그_1,tag_1,タグ_1
,HK Yau,,태그_30,tag_30,タグ_30
더락포트컴퍼니코리아-중복,,,태그_7,tag_7,タグ_7
휴마트컴퍼니,,,태그_16|태그_29,tag_16|tag_29,タグ_16|タグ_29
디센터,,,태그_29|태그_7,tag_29|tag_7,タグ_29|タグ_7
컬쳐히어로,,,태그_11,tag_11,タグ_11
보비어스코리아,,,태그_11|태그_8|태그_3|태그_4,tag_11|tag_8|tag_3|tag_4,タグ_11|タグ_8|タグ_3|タグ_4
베이글랩스,,,태그_8|태그_18|태그_16,tag_8|tag_18|tag_16,タグ_8|タグ_18|タグ_16
,Katalis Digital,,태그_2|태그_16|태그_6|태그_18,tag_2|tag_16|tag_6|tag_18,タグ_2|タグ_16|タグ_6|タグ_18
애디터(Additor),,,태그_11|태그_2,tag_11|tag_2,タグ_11|タグ_2
,Avanade Asia Pte Ltd,,태그_8|태그_29|태그_15|태그_11,tag_8|tag_29|tag_15|tag_11,タグ_8|タグ_29|タグ_15|タグ_11
500V2,,,태그_11|태그_27,tag_11|tag_27,タグ_11|タグ_27
플라이앤컴퍼니(푸드플라이),,,태그_29,tag_29,タグ_29
영우디지탈-중복,,,태그_14|태그_15|태그_7|태그_11,tag_14|tag_15|tag_7|tag_11,タグ_14|タグ_15|タグ_7|タグ_11
,Machipopo Inc.,,태그_19|태그_10|태그_4|태그_20,tag_19|tag_10|tag_4|tag_20,タグ_19|タグ_10|タグ_4|タグ_20
시니어벤처스,,,태그_20|태그_21|태그_6,tag_20|tag_21|tag_6,タグ_20|タグ_21|タグ_6